pdf,pdf_within_space
0,2.3812000138735
1,2.40354059301848
2,2.4035405930184
3,2.31417827643879
4,2.4035405930184
5,2.3812000138735
6,2.3812000138735
7,2.3812000138735
8,2.3812000138735
9,2.3812000138735
10,2.3812000138735
