ppt,ppt_within_space
0,0.499115577932093
1,3.04846777424289
2,3.98867951062355
3,11.3400628006161
4,5.13873639005378
5,3.43006038085009
6,0.935654372892402
7,3.42479506189312
8,3.90446572688501
9,3.90651923706918
10,3.90651946727824
