video,video_within_space
0,-0.13790644357398
1,3.51603792438454
2,6.42584170080632
3,8.13010842727959
4,8.97120511919474
5,9.36185310506742
6,9.543881657143
7,9.63170897034171
8,9.67620680724821
9,9.69999570605657
10,9.71341481289178
