navigationscore,mxwtime
0,0.961786336464897
0.5,0.990756126450992
1,1.01972591643706
1.5,1.04869570642313
2,1.0776654964092
2.5,1.10663528639527
3,1.13560507638134
3.5,1.1645748663674
4,1.19354465635349
4.5,1.22251444633967
5,1.25148423632586
5.5,1.28045402631205
6,1.30942381629823
6.5,1.33839360628442
7,1.36736339627061
7.5,1.39633318625679
8,1.42530297624298
8.5,1.45427276622917
9,1.48324255621535
9.5,1.51221234620154
10,1.54118213618773
